1,1985-03-15
2,1990-07-22
3,1978-11-08
4,1995-02-14
5,1982-09-30
6,1988-05-19
7,1975-12-25
8,1993-04-07
9,1980-08-11
10,1998-01-28
11,1992-06-17
12,1987-10-03
13,1994-03-21
14,1983-07-14
15,1991-11-29
16,1986-02-08
17,1979-09-16
18,1996-05-25
19,1984-12-12
20,1990-04-03
21,1988-08-27
22,1976-01-19
23,1993-06-09
24,1981-10-22
25,1997-03-11
26,1985-07-04
27,1992-11-18
28,1977-02-28
29,1994-09-07
30,1989-05-15
31,1982-12-03
32,1995-08-20
33,1986-04-14
34,1991-10-09
35,1980-06-26
64,1987-03-18
65,1993-09-25
66,1979-01-12
67,1996-07-08
68,1984-11-30
69,1990-05-22
70,1976-08-14
71,1994-02-06
72,1988-12-19
73,1981-04-27
74,1995-10-11
75,1983-06-03
76,1992-09-15
77,1978-01-28
78,1997-05-20
104,1989-06-09
105,2006-11-04
106,1995-08-15
107,1998-05-12
