12345678,Juan Carlos,Garc¡a,L¢pez
87654321,Mar¡a Fernanda,Rodr¡guez,Mart¡nez
45678912,Carlos Alberto,Mendoza,Silva
78912345,Ana Luc¡a,Torres,Vargas
32165498,Roberto Jos‚,Ram¡rez,Castillo
65498732,Luisa Mar¡a,Herrera,Rojas
98732165,Pedro Pablo,S nchez,Morales
15975346,Carmen Rosa,D¡az,Flores
75315948,Miguel µngel,Vega,Guti‚rrez
48261597,Sof¡a Isabel,Castro,Ramos
X12345678,Diego Armando,Vargas,Salazar
Y87654321,Valentina,Morales,Paredes
Z98765432,Andr‚s Felipe,Guerrero,Mendoza
AB1234567,Isabella,Rojas,Torres
CD9876543,Santiago,Mendoza,Vargas
EF4567891,Camila,Castillo,Herrera
123456789,Sebasti n,Ramos,D¡az
987654321,Mariana,Salazar,Vega
456789123,Nicol s,Paredes,Castro
12345-1990,Daniela,Guti‚rrez,S nchez
67890-1985,Alejandro,Flores,Morales
EXT123456,Gabriela,Rojas,Torres
EXT789012,Mart¡n,Vargas,Salazar
REF456789,Luciana,Mendoza,Vargas
PTP123456,Mateo,Castillo,Herrera
DPI789012,Emilia,Ramos,D¡az
DIP456789,Benjam¡n,Salazar,Vega
98765432,Victoria,Paredes,Castro
POL123456,Joaqu¡n,Guti‚rrez,S nchez
MIL789012,Renata,Flores,Morales
12345678,Thiago,Rojas,Torres
24681357,Antonella,Vargas,Salazar
13579246,Jer¢nimo,Mendoza,Vargas
97531864,M¡a,Castillo,Herrera
86429753,Felipe,Ramos,D¡az
765432109,Ra£l,Figueroa,Aguilar
23456-1992,Silvia,G lvez,Cano
78901-1988,Tom s,Hidalgo,Orozco
EXT987654,érsula,Ibarra,Pe¤a
EXT543210,V¡ctor,Jaramillo,Serrano
REF987654,Wendy,Kohan,Vargas
PTP987654,Xavier,Luna,Acosta
DPI987654,Yolanda,Mar¡n,Cruz
DIP987654,Zacar¡as,Navarro,Reyes
12345678,Adriana,Ochoa,Fuentes
POL987654,Bruno,Palacios,Guerrero
MIL987654,Claudia,Quintero,Molina
87654321,Daniel,Romero,Vega
36475829,Elena,Su rez,Castillo
25364758,Francisco,Terrazas,Mendoza
45751158,Jaime,Llanos,Bardales
60209226,Reiner Alexander,Regalado,Cabrera
74859612,Carlos,Mendoza,Solis
88994411,Mateo,Silva,Perez
