1,Plaza Mayor de Lima,Centro hist¢rico de Lima, rodeado por la Catedral, Palacio de Gobierno y el Palacio Municipal.,.00,00:00:00.0000000,23:59:00.0000000,4.65,Activo
2,Museo Larco,Museo que alberga la mayor colecci¢n privada de arte precolombino del Per£, con m†s de 45,000 piezas.,30.00,09:00:00.0000000,22:00:00.0000000,4.85,Activo
3,Huaca Pucllana,Centro ceremonial limeno de la cultura Lima, ubicado en el coraz¢n de Miraflores.,18.00,09:00:00.0000000,17:00:00.0000000,4.50,Activo
4,Parque de la Reserva,Complejo de fuentes de agua iluminadas, el m†s grande del mundo con iluminaci¢n l†ser.,7.00,15:00:00.0000000,22:30:00.0000000,4.70,Activo
5,Pachac†mac,Sitio arqueol¢gico preincaico con pir†mides y templos de adobe a orillas del mar.,20.00,09:00:00.0000000,17:00:00.0000000,4.55,Activo
6,Catacumbas de San Francisco,Criptas subterr†neas de la Iglesia de San Francisco con restos de m†s de 25,000 personas.,15.00,09:30:00.0000000,21:00:00.0000000,4.60,Activo
7,Barranco - Puente de los Suspiros,Barrio bohemio de Lima con galer°as de arte, restaurantes y el famoso puente rom†ntico.,.00,00:00:00.0000000,23:59:00.0000000,4.55,Activo
8,Malec¢n de Miraflores,Paseo costero con vista al ocÇano Pac°fico, parques y actividades al aire libre.,.00,00:00:00.0000000,23:59:00.0000000,4.70,Activo
9,Museo de la Naci¢n,Museo que exhibe la diversidad cultural del Per£ a travÇs de m†s de 20,000 piezas arqueol¢gicas.,10.00,09:00:00.0000000,17:00:00.0000000,4.30,Activo
10,Circuito M†gico del Agua,Parque tem†tico con fuentes danzantes y espect†culos de agua y luz.,7.00,15:00:00.0000000,22:30:00.0000000,4.65,Activo
11,Palacio de Torre Tagle,Joy°a de la arquitectura colonial, sede del Ministerio de Relaciones Exteriores.,.00,09:00:00.0000000,17:00:00.0000000,4.45,Activo
12,Zool¢gico de Huachipa,Zool¢gico con m†s de 800 animales de especies peruanas y ex¢ticas.,15.00,09:00:00.0000000,17:00:00.0000000,4.20,Activo
13,Machu Picchu,Ciudadela inca del siglo XV, considerada una de las 7 maravillas del mundo moderno.,152.00,06:00:00.0000000,17:00:00.0000000,4.95,Activo
14,Sacsayhuam†n,Fortaleza inca con enormes bloques de piedra de hasta 125 toneladas.,70.00,07:00:00.0000000,17:30:00.0000000,4.75,Activo
15,Qoricancha,Templo del Sol, el m†s importante del Imperio Inca, base del Convento de Santo Domingo.,15.00,08:30:00.0000000,17:30:00.0000000,4.70,Activo
16,Ollantaytambo,Pueblo y fortaleza inca en el Valle Sagrado, con terrazas y templos monumentales.,70.00,07:00:00.0000000,17:30:00.0000000,4.80,Activo
17,Pisac,Sitio arqueol¢gico con impresionantes terrazas y mercado artesanal tradicional.,70.00,07:00:00.0000000,17:30:00.0000000,4.65,Activo
18,Moray,Terrazas circulares incas que funcionaron como laboratorio agr°cola experimental.,70.00,07:00:00.0000000,17:30:00.0000000,4.60,Activo
19,Salineras de Maras,Minas de sal con m†s de 3,000 pozos que datan de la Çpoca preincaica.,10.00,07:00:00.0000000,17:00:00.0000000,4.70,Activo
20,Chinchero,Pueblo tradicional con restos arqueol¢gicos incas y centro de textiles ancestrales.,10.00,07:00:00.0000000,17:00:00.0000000,4.55,Activo
21,Catedral del Cusco,Obra maestra del arte colonial con m†s de 300 pinturas de la escuela cusque§a.,25.00,10:00:00.0000000,18:00:00.0000000,4.75,Activo
22,Tambomachay,Sitio arqueol¢gico inca dedicado al culto del agua, conocido como ba§os del Inca.,70.00,07:00:00.0000000,17:30:00.0000000,4.50,Activo
23,Qenqo,Centro ceremonial con rocas talladas y pasadizos subterr†neos.,70.00,07:00:00.0000000,17:30:00.0000000,4.45,Activo
24,Puca Pucara,Fortaleza roja inca que serv°a como puesto de control militar.,70.00,07:00:00.0000000,17:30:00.0000000,4.40,Activo
25,Monta§a de 7 Colores (Vinicunca),Monta§a con estratos de colores naturales debido a su composici¢n mineral.,20.00,05:00:00.0000000,16:00:00.0000000,4.80,Activo
26,Valle Sagrado de los Incas,Extenso valle con pueblos tradicionales, sitios arqueol¢gicos y paisajes andinos.,.00,00:00:00.0000000,23:59:00.0000000,4.85,Activo
27,Humantay Lake,Laguna turquesa al pie del nevado Salkantay, destino de trekking popular.,10.00,05:00:00.0000000,15:00:00.0000000,4.85,Activo
28,Choquequirao,Ciudadela inca hermana de Machu Picchu, accesible solo por trekking de 2 d°as.,60.00,06:00:00.0000000,17:00:00.0000000,4.90,Activo
29,Mercado Central de San Pedro,Mercado tradicional con productos andinos, jugos naturales y comida t°pica.,.00,06:00:00.0000000,18:00:00.0000000,4.55,Activo
30,Piedra de los 12 †ngulos,Bloque de diorita verde perfectamente tallado en un muro inca de la calle Hatun Rumiyoc.,.00,00:00:00.0000000,23:59:00.0000000,4.60,Activo
31,Ca§¢n del Colca,Uno de los ca§ones m†s profundos del mundo, ideal para observar el vuelo del c¢ndor.,70.00,06:00:00.0000000,17:00:00.0000000,4.90,Activo
32,Monasterio de Santa Catalina,Ciudadela religiosa del siglo XVI con calles, plazas y claustros de colores vibrantes.,40.00,09:00:00.0000000,17:00:00.0000000,4.85,Activo
33,Plaza de Armas de Arequipa,Centro hist¢rico rodeado de casonas coloniales de sillar blanco y el Portal de las Flores.,.00,00:00:00.0000000,23:59:00.0000000,4.75,Activo
34,Volc†n Misti,Volc†n activo de 5,822 msnm, s°mbolo de la ciudad, ideal para ascensos.,.00,05:00:00.0000000,15:00:00.0000000,4.60,Activo
35,Mirador de Yanahuara,Mirador con arcos de sillar blanco y vistas panor†micas de la ciudad y volcanes.,.00,00:00:00.0000000,23:59:00.0000000,4.65,Activo
36,Museo Santuarios Andinos (Juanita),Museo que alberga la momia inca Juanita, sacrificada en el volc†n Ampato.,30.00,09:00:00.0000000,18:00:00.0000000,4.80,Activo
37,Ca§¢n de Cotahuasi,El ca§¢n m†s profundo del mundo con 3,270 metros de profundidad.,.00,06:00:00.0000000,17:00:00.0000000,4.70,Activo
38,Reserva Nacional de Salinas y Aguada Blanca,Reserva con lagunas, vicu§as y volcanes en la puna arequipe§a.,10.00,06:00:00.0000000,16:00:00.0000000,4.55,Activo
39,Terneros de Yanahuara,Barrio tradicional con arquitectura de sillar y miradores naturales.,.00,00:00:00.0000000,23:59:00.0000000,4.40,Activo
40,Catedral de Arequipa,Imponente catedral de sillar blanco en la Plaza de Armas, con museo religioso.,15.00,09:00:00.0000000,18:00:00.0000000,4.70,Activo
41,Lago Titicaca,El lago navegable m†s alto del mundo a 3,812 msnm, sagrado para los incas.,.00,00:00:00.0000000,23:59:00.0000000,4.90,Activo
42,Islas Uros,Islas flotantes artificiales hechas de totora, habitadas por los Uros.,10.00,07:00:00.0000000,17:00:00.0000000,4.55,Activo
43,Isla Taquile,Isla con comunidades quechuas que mantienen sus tradiciones textiles Patrimonio de la Humanidad.,10.00,07:00:00.0000000,17:00:00.0000000,4.75,Activo
44,Isla Amantan°,Isla con dos monta§as sagradas y comunidades que ofrecen hospedaje familiar.,10.00,07:00:00.0000000,17:00:00.0000000,4.65,Activo
45,Sillustani,Complejo funerario preincaico con torres funerarias o chullpas junto a la laguna Umayo.,15.00,06:00:00.0000000,17:00:00.0000000,4.70,Activo
46,Catedral de Puno,Templo colonial en la Plaza de Armas con fachada barroca y arte religioso.,.00,08:00:00.0000000,18:00:00.0000000,4.40,Activo
47,Mirador Kuntur Wasi,Mirador con vista panor†mica de la ciudad de Puno y el Lago Titicaca.,2.00,07:00:00.0000000,18:00:00.0000000,4.50,Activo
48,Chucuito - Inca Uyo,Sitio arqueol¢gico con templo de la fertilidad y formaciones f†licas de piedra.,10.00,07:00:00.0000000,17:00:00.0000000,4.35,Activo
49,L°neas de Nazca,Geoglifos gigantes de hasta 300 metros trazados en el desierto hace m†s de 2,000 a§os.,.00,07:00:00.0000000,16:00:00.0000000,4.85,Activo
50,Islas Ballestas,Reserva natural con colonias de lobos marinos, pingÅinos de Humboldt y aves guaneras.,35.00,08:00:00.0000000,14:00:00.0000000,4.75,Activo
51,Reserva Nacional de Paracas,Reserva costera con playas, desiertos y biodiversidad marina £nica.,11.30,08:00:00.0000000,17:00:00.0000000,4.70,Activo
52,Oasis de Huacachina,Oasis natural en medio del desierto con laguna, palmeras y deportes de arena.,4.00,08:00:00.0000000,20:00:00.0000000,4.65,Activo
53,Cementerio de Chauchilla,Necr¢polis preincaica con momias y cer†micas de la cultura Nazca bien conservadas.,10.00,08:00:00.0000000,17:00:00.0000000,4.40,Activo
54,Museo Antonini,Museo dedicado a la cultura Nazca con cer†micas, textiles y explicaciones sobre las l°neas.,15.00,09:00:00.0000000,18:00:00.0000000,4.45,Activo
55,Catedrales de Nazca,Formaciones geol¢gicas naturales que parecen catedrales en el desierto.,5.00,08:00:00.0000000,17:00:00.0000000,4.30,Activo
56,Vi§edos de Ica,Haciendas vitivin°colas con degustaci¢n de piscos y vinos tradicionales.,15.00,09:00:00.0000000,17:00:00.0000000,4.50,Activo
57,Chan Chan,La ciudad de barro m†s grande de AmÇrica, capital del reino Chim£.,11.00,08:00:00.0000000,16:00:00.0000000,4.75,Activo
58,Huacas del Sol y la Luna,Complejo arqueol¢gico mochica con murales policromados de gran valor art°stico.,11.00,09:00:00.0000000,15:00:00.0000000,4.80,Activo
59,Plaza de Armas de Trujillo,Centro hist¢rico con la Catedral, la Casa de la Emancipaci¢n y el Palacio Iturregui.,.00,00:00:00.0000000,23:59:00.0000000,4.55,Activo
60,Huanchaco,Pueblo pesquero tradicional con caballitos de totora y surf.,.00,00:00:00.0000000,23:59:00.0000000,4.50,Activo
61,El Brujo,Complejo arqueol¢gico mochica donde se descubri¢ a la Se§ora de Cao.,11.00,09:00:00.0000000,16:00:00.0000000,4.70,Activo
62,Marinera y Paso Peruano,Espect†culo de danza tradicional en la Hacienda Larco de Trujillo.,25.00,11:00:00.0000000,13:00:00.0000000,4.60,Activo
63,Tumbas Reales de Sip†n,Museo que alberga los tesoros del Se§or de Sip†n, el mejor entierro mochica descubierto.,20.00,09:00:00.0000000,17:00:00.0000000,4.90,Activo
64,Huaca Rajada - Sip†n,Sitio arqueol¢gico donde se descubri¢ la tumba del Se§or de Sip†n.,10.00,08:00:00.0000000,16:00:00.0000000,4.65,Activo
65,Pir†mides de T£cume,Complejo de 26 pir†mides de adobe de la cultura Lambayeque.,10.00,09:00:00.0000000,16:00:00.0000000,4.50,Activo
66,Museo BrÅning,Museo arqueol¢gico con m†s de 1,500 piezas de culturas del norte peruano.,10.00,09:00:00.0000000,17:00:00.0000000,4.45,Activo
67,Santuario Hist¢rico Bosque de P¢mac,Bosque seco con m†s de un mill¢n de †rboles de p¢mac y sitios arqueol¢gicos.,10.00,07:00:00.0000000,16:00:00.0000000,4.55,Activo
68,KuÇlap,Fortaleza de la cultura Chachapoyas a 3,000 msnm, con murallas de hasta 20 metros.,52.00,06:00:00.0000000,17:00:00.0000000,4.85,Activo
69,Catarata Gocta,Una de las cataratas m†s altas del mundo con 771 metros de ca°da.,20.00,06:00:00.0000000,15:00:00.0000000,4.80,Activo
70,Sarc¢fagos de Karaj°a,Figuras funerarias de la cultura Chachapoyas de hasta 2.5 metros en acantilados.,10.00,06:00:00.0000000,16:00:00.0000000,4.70,Activo
71,Revash,Mausoleos pintados de rojo en acantilados, de la cultura Chachapoyas.,10.00,06:00:00.0000000,16:00:00.0000000,4.60,Activo
72,Laguna de los C¢ndores,Laguna sagrada con leyendas chachapoyas y mausoleos en sus alrededores.,15.00,06:00:00.0000000,16:00:00.0000000,4.75,Activo
73,Parque Nacional Huascar†n,Parque con el nevado m†s alto del Per£ (6,768 msnm) y biodiversidad andina.,25.00,06:00:00.0000000,16:00:00.0000000,4.85,Activo
74,Laguna 69,Laguna turquesa a 4,600 msnm, destino popular de trekking en la Cordillera Blanca.,25.00,05:00:00.0000000,15:00:00.0000000,4.90,Activo
75,Chav°n de Hu†ntar,Sitio arqueol¢gico de la cultura Chav°n, centro ceremonial de hace 3,000 a§os.,15.00,08:00:00.0000000,16:30:00.0000000,4.70,Activo
76,Laguna Par¢n,La laguna m†s grande de la Cordillera Blanca, de color turquesa intenso.,10.00,06:00:00.0000000,16:00:00.0000000,4.80,Activo
77,Pastoruri,Nevado accesible por carretera, s°mbolo del cambio clim†tico en los Andes.,10.00,07:00:00.0000000,15:00:00.0000000,4.55,Activo
78,Laguna Llanganuco,Par de lagunas turquesas al pie del Huascar†n, en el Callej¢n de Huaylas.,10.00,06:00:00.0000000,17:00:00.0000000,4.85,Activo
79,Reserva Nacional Tambopata,Reserva amaz¢nica con gran biodiversidad, refugios ecol¢gicos y collpas de guacamayos.,.00,00:00:00.0000000,23:59:00.0000000,4.90,Activo
80,Parque Nacional del Manu,Patrimonio Natural de la Humanidad con la mayor biodiversidad del planeta.,150.00,06:00:00.0000000,17:00:00.0000000,4.95,Activo
81,Collpa de Guacamayos - Chuncho,Pared arcillosa donde cientos de guacamayos y loros acuden diariamente.,.00,05:00:00.0000000,10:00:00.0000000,4.85,Activo
82,Lago Sandoval,Lago en forma de herradura con nutrias gigantes, caimanes y monos.,.00,06:00:00.0000000,17:00:00.0000000,4.80,Activo
83,Canopy Walkway - Infierno,Pasarelas colgantes a 30 metros de altura en la copa de los †rboles amaz¢nicos.,50.00,07:00:00.0000000,15:00:00.0000000,4.75,Activo
84,R°o Amazonas,El r°o m†s caudaloso del mundo, con cruceros fluviales y comunidades nativas.,.00,00:00:00.0000000,23:59:00.0000000,4.85,Activo
85,Reserva Nacional Pacaya Samiria,La selva de las sombras reflejadas, con delfines rosados y gran biodiversidad.,.00,06:00:00.0000000,17:00:00.0000000,4.80,Activo
86,Iquitos - Ciudad sin carreteras,La ciudad m†s grande del mundo sin acceso por carretera, en plena Amazon°a.,.00,00:00:00.0000000,23:59:00.0000000,4.55,Activo
87,BelÇn - La Venecia de Iquitos,Barrio flotante sobre el r°o Nanay con mercado ex¢tico de productos amaz¢nicos.,.00,06:00:00.0000000,18:00:00.0000000,4.30,Activo
88,Centro de Rescate Amaz¢nico (CRA),Centro de rescate y rehabilitaci¢n de fauna amaz¢nica silvestre.,15.00,08:00:00.0000000,16:00:00.0000000,4.60,Activo
89,M†ncora,Playa paradis°aca con olas perfectas para el surf y vida nocturna vibrante.,.00,00:00:00.0000000,23:59:00.0000000,4.70,Activo
90,Puerto de Col†n,Playa hist¢rica con el muelle m†s antiguo de SudamÇrica y aguas c†lidas.,.00,00:00:00.0000000,23:59:00.0000000,4.40,Activo
91,Cataratas de Kuntur Wasi,Cataratas en Huancabamba con aguas cristalinas y misticismo andino.,5.00,06:00:00.0000000,16:00:00.0000000,4.55,Activo
92,Desierto de Sechura,Desierto con dunas, el oasis de •aupay y el misterioso bosque de piedras.,.00,00:00:00.0000000,23:59:00.0000000,4.35,Activo
93,Ventanillas de Otuzco,Necr¢polis preinca con nichos tallados en roca volc†nica.,10.00,08:00:00.0000000,17:00:00.0000000,4.50,Activo
94,Cumbemayo,Canal de piedra de hace 3,000 a§os con formaciones rocosas y petroglifos.,10.00,08:00:00.0000000,17:00:00.0000000,4.65,Activo
95,Ba§os del Inca,Aguas termales medicinales donde se ba§aba el Inca Atahualpa.,10.00,06:00:00.0000000,20:00:00.0000000,4.55,Activo
96,Plaza de Armas de Cajamarca,Centro hist¢rico donde fue capturado el Inca Atahualpa por los espa§oles.,.00,00:00:00.0000000,23:59:00.0000000,4.60,Activo
97,Lago Jun°n,El segundo lago m†s grande del Per£, h†bitat de aves migratorias.,.00,00:00:00.0000000,23:59:00.0000000,4.40,Activo
98,Ruinas de Tunanmarca,Antigua capital del reino Xauxa con estructuras circulares de piedra.,5.00,07:00:00.0000000,17:00:00.0000000,4.30,Activo
99,Catarata de Bayoz,Catarata de 150 metros en Oxapampa, rodeada de bosque neblinoso.,5.00,06:00:00.0000000,16:00:00.0000000,4.60,Activo
100,Selva Central - Villa Rica,Pueblo cafetalero con miradores, cataratas y degustaci¢n de cafÇ.,.00,00:00:00.0000000,23:59:00.0000000,4.55,Activo
101,Pampa de Ayacucho,Sitio hist¢rico de la batalla que sell¢ la independencia de AmÇrica del Sur.,5.00,08:00:00.0000000,17:00:00.0000000,4.50,Activo
102,Quinua,Pueblo alfarero tradicional con el obelisco conmemorativo de la batalla.,.00,00:00:00.0000000,23:59:00.0000000,4.45,Activo
103,Wari,Ruinas de la primera cultura imperial andina, precursora de los incas.,10.00,08:00:00.0000000,16:00:00.0000000,4.55,Activo
104,Iglesias coloniales de Ayacucho,Ciudad conocida como la capital religiosa del Per£ con 33 iglesias.,.00,00:00:00.0000000,23:59:00.0000000,4.60,Activo
105,Catarata de Ahuashiyacu,Catarata de 40 metros rodeada de vegetaci¢n tropical, a 15 minutos de Tarapoto.,5.00,07:00:00.0000000,17:00:00.0000000,4.55,Activo
106,Laguna Azul,Laguna de aguas turquesas en Yurimaguas, rodeada de selva amaz¢nica.,5.00,06:00:00.0000000,17:00:00.0000000,4.60,Activo
107,Cumbaza,Pueblo ecol¢gico con mariposario, orquideario y cataratas cercanas.,5.00,07:00:00.0000000,17:00:00.0000000,4.50,Activo
108,R°o Ucayali,Afluente principal del Amazonas, con comunidades nativas y pesca deportiva.,.00,00:00:00.0000000,23:59:00.0000000,4.40,Activo
109,Laguna Yarinacocha,Laguna en Pucallpa con comunidades shipibo-conibo y artesan°a tradicional.,.00,00:00:00.0000000,23:59:00.0000000,4.35,Activo
110,Punta Sal,Playa de aguas c†lidas y tranquilas, ideal para el descanso familiar.,.00,00:00:00.0000000,23:59:00.0000000,4.65,Activo
111,Parque Nacional Cerros de Amotape,Reserva de bosque seco ecuatorial con biodiversidad £nica.,10.00,06:00:00.0000000,16:00:00.0000000,4.45,Activo
112,Ba§os Termales de La Calera,Aguas termales naturales en Chivay, Ca§¢n del Colca.,15.00,05:00:00.0000000,22:00:00.0000000,4.55,Activo
113,Glaciar Pastoruri,Nevado accesible afectado por el cambio clim†tico, s°mbolo ambiental.,10.00,07:00:00.0000000,15:00:00.0000000,4.50,Inactivo
114,Cuarto del Rescate,Ènico vestigio de la arquitectura inca en Cajamarca, donde estuvo prisionero el Inca Atahualpa antes de su ejecuci¢n.,10.00,08:00:00.0000000,18:00:00.0000000,4.55,Activo
115,Cerro Santa Apolonia,Mirador natural con vistas panor†micas de la ciudad y el famoso "Jard°n de Piedras" tallado en roca volc†nica.,5.00,07:00:00.0000000,18:00:00.0000000,4.60,Activo
116,Iglesia de San Francisco,Templo colonial del siglo XVII que alberga las momias de los bienhechores en sus criptas subterr†neas.,10.00,09:00:00.0000000,18:00:00.0000000,4.50,Activo
117,Catedral de Cajamarca,Imponente catedral de estilo renacentista en la Plaza de Armas, con altar de pan de oro y arte sacro.,5.00,08:00:00.0000000,18:00:00.0000000,4.55,Activo
118,Silla del Inca,Formaci¢n rocosa natural con forma de silla, ubicada en las afueras de la ciudad, con valor hist¢rico incaico.,5.00,07:00:00.0000000,17:00:00.0000000,4.35,Activo
119,Granja Porc¢n,Comunidad campesina cooperativa que ofrece turismo vivencial, caminatas y experiencias rurales autÇnticas.,10.00,07:00:00.0000000,17:00:00.0000000,4.70,Activo
120,Cascada de Xec¢n,Espectacular catarata de 80 metros de altura en el distrito de San Ignacio, rodeada de bosque nublado.,10.00,06:00:00.0000000,16:00:00.0000000,4.75,Activo
121,Cascada de Huacamaillo,Catarata de 50 metros en San Ignacio, con piscinas naturales ideales para el ba§o.,10.00,06:00:00.0000000,16:00:00.0000000,4.65,Activo
122,Mirador de Los Perichones,Mirador panor†mico con vista de 360¯ a la ciudad de Cajamarca y sus alrededores, ideal al atardecer.,.00,00:00:00.0000000,23:59:00.0000000,4.55,Activo
123,Complejo BelÇn,Antiguo hospital colonial del siglo XVII con arquitectura £nica y historia vinculada a la independencia.,5.00,08:00:00.0000000,17:00:00.0000000,4.40,Activo
124,Laguna Yanacocha,Laguna de aguas oscuras ubicada a 4,000 msnm, rodeada de pajonales y paisajes andinos.,5.00,06:00:00.0000000,16:00:00.0000000,4.45,Activo
125,Bosque de Piedras de Usno,Formaciones rocosas naturales con formas caprichosas, sitio ceremonial de la cultura Caxamarca.,5.00,07:00:00.0000000,17:00:00.0000000,4.50,Activo
126,Termas de Chancayba§os,Aguas termales medicinales en Cutervo, con temperaturas de hasta 60¯C y propiedades curativas.,10.00,06:00:00.0000000,20:00:00.0000000,4.60,Activo
127,Parque Nacional de Cutervo,El parque nacional m†s antiguo del Per£, con la Cueva de los Gu†charos y biodiversidad £nica.,15.00,06:00:00.0000000,16:00:00.0000000,4.65,Activo
128,Cueva de los Gu†charos,Cueva habitada por aves nocturnas llamadas gu†charos, dentro del Parque Nacional de Cutervo.,15.00,07:00:00.0000000,15:00:00.0000000,4.55,Activo
129,Cerro Dos Cabezas,Formaci¢n rocosa con forma de dos cabezas, ideal para caminatas y escalada en Cajamarca.,5.00,06:00:00.0000000,17:00:00.0000000,4.30,Activo
130,Cascada de Magda,Catarata de 30 metros en Chota, rodeada de vegetaci¢n tropical y piscinas naturales.,5.00,06:00:00.0000000,16:00:00.0000000,4.45,Activo
131,Santuario de la Virgen del Rosario,Templo colonial en Chota, centro de peregrinaci¢n durante las festividades religiosas.,.00,07:00:00.0000000,18:00:00.0000000,4.35,Activo
132,Laguna El Gavil†n,Laguna altoandina en Chota, rodeada de paisajes verdes y fauna silvestre.,5.00,06:00:00.0000000,16:00:00.0000000,4.40,Activo
