1,1,3,1850.00,2026-01-15 10:35:00.000,VISA-000001,BOLETA-001-A,Confirmado
2,1,3,1850.00,2026-02-08 15:20:00.000,VISA-000002,BOLETA-001-B,Confirmado
3,2,7,2200.00,2026-01-20 14:20:00.000,YAPE-000001,YAPE-REC-002,Confirmado
4,2,7,2200.00,2026-02-18 10:00:00.000,YAPE-000002,YAPE-REC-002-B,Confirmado
5,3,6,2600.00,2026-01-25 09:10:00.000,TRF-000001,CONSTANCIA-003,Confirmado
6,3,6,2600.00,2026-02-28 16:45:00.000,TRF-000002,CONSTANCIA-003-B,Confirmado
7,4,4,1875.00,2026-02-01 11:50:00.000,MC-000001,BOLETA-004-A,Confirmado
8,4,4,1875.00,2026-03-08 14:30:00.000,MC-000002,BOLETA-004-B,Confirmado
9,5,1,2900.00,2026-02-05 16:25:00.000,EF-SOL-000001,BOLETA-005,Confirmado
10,6,3,4400.00,2026-02-10 08:35:00.000,VISA-000003,BOLETA-006-A,Confirmado
11,6,3,4400.00,2026-03-18 11:00:00.000,VISA-000004,BOLETA-006-B,Confirmado
12,7,8,2700.00,2026-02-12 13:05:00.000,PLIN-000001,PLIN-REC-007,Confirmado
13,8,1,350.00,2026-02-15 10:20:00.000,EF-SOL-000002,BOLETA-008,Confirmado
14,9,4,1500.00,2026-02-18 15:35:00.000,MC-000003,BOLETA-009,Confirmado
15,10,6,2500.00,2026-02-20 09:50:00.000,TRF-000003,CONSTANCIA-010,Confirmado
16,11,3,2900.00,2026-02-22 14:05:00.000,VISA-000005,BOLETA-011-A,Confirmado
17,11,3,2900.00,2026-04-13 10:30:00.000,VISA-000006,BOLETA-011-B,Confirmado
18,12,7,700.00,2026-02-25 11:35:00.000,YAPE-000003,YAPE-REC-012,Confirmado
19,13,4,3300.00,2026-02-28 16:50:00.000,MC-000004,BOLETA-013,Confirmado
20,14,3,3250.00,2026-03-02 10:05:00.000,VISA-000007,BOLETA-014-A,Confirmado
21,14,3,3250.00,2026-04-29 15:00:00.000,VISA-000008,BOLETA-014-B,Confirmado
22,15,1,650.00,2026-03-05 13:25:00.000,EF-SOL-000003,BOLETA-015,Confirmado
23,16,6,1850.00,2026-03-08 09:35:00.000,TRF-000004,CONSTANCIA-016,Confirmado
24,17,4,1850.00,2026-03-10 15:20:00.000,MC-000005,BOLETA-017-A,Confirmado
25,17,4,1850.00,2026-05-13 11:45:00.000,MC-000006,BOLETA-017-B,Confirmado
26,18,3,3800.00,2026-03-12 11:05:00.000,VISA-000009,BOLETA-018,Confirmado
27,19,3,3900.00,2026-03-15 14:50:00.000,VISA-000010,BOLETA-019-A,Confirmado
28,19,3,3900.00,2026-05-23 10:00:00.000,VISA-000011,BOLETA-019-B,Confirmado
29,20,7,1500.00,2026-03-18 10:35:00.000,YAPE-000004,YAPE-REC-020,Confirmado
30,21,3,5200.00,2026-03-20 16:05:00.000,VISA-000012,BOLETA-021-A,Confirmado
31,21,3,5200.00,2026-06-07 14:30:00.000,VISA-000013,BOLETA-021-B,Confirmado
32,22,4,2775.00,2026-03-22 09:20:00.000,MC-000007,BOLETA-022-A,Confirmado
33,22,4,2775.00,2026-06-08 11:00:00.000,MC-000008,BOLETA-022-B,Confirmado
34,23,6,2700.00,2026-03-25 13:35:00.000,TRF-000005,CONSTANCIA-023,Confirmado
35,24,3,4300.00,2026-03-28 11:50:00.000,VISA-000014,BOLETA-024,Confirmado
36,25,3,4250.00,2026-04-01 15:05:00.000,VISA-000015,BOLETA-025-A,Confirmado
37,25,3,4250.00,2026-06-18 10:30:00.000,VISA-000016,BOLETA-025-B,Confirmado
38,26,4,4800.00,2026-04-03 10:25:00.000,MC-000009,BOLETA-026-A,Confirmado
39,26,4,4800.00,2026-06-24 15:00:00.000,MC-000010,BOLETA-026-B,Confirmado
40,27,7,1300.00,2026-04-05 14:35:00.000,YAPE-000005,YAPE-REC-027,Confirmado
41,28,1,2900.00,2026-04-08 09:05:00.000,EF-SOL-000004,BOLETA-028,Confirmado
42,29,3,5500.00,2026-04-10 16:20:00.000,VISA-000017,BOLETA-029-A,Confirmado
43,29,3,5500.00,2026-06-29 11:30:00.000,VISA-000018,BOLETA-029-B,Confirmado
44,30,6,2700.00,2026-04-12 11:35:00.000,TRF-000006,CONSTANCIA-030,Confirmado
45,94,4,2700.00,2026-04-01 10:05:00.000,MC-000011,BOLETA-094,Confirmado
46,95,7,1900.00,2026-04-05 14:35:00.000,YAPE-000006,YAPE-REC-095,Confirmado
47,96,1,2700.00,2026-04-10 09:20:00.000,EF-SOL-000005,BOLETA-096,Confirmado
48,97,3,5500.00,2026-04-15 16:05:00.000,VISA-000019,BOLETA-097-A,Confirmado
49,97,3,5500.00,2026-05-30 10:00:00.000,VISA-000020,BOLETA-097-B,Confirmado
50,98,6,2900.00,2026-04-20 11:35:00.000,TRF-000007,CONSTANCIA-098,Confirmado
51,99,4,4200.00,2026-04-25 10:50:00.000,MC-000012,BOLETA-099,Confirmado
52,100,7,2700.00,2026-05-01 15:25:00.000,YAPE-000007,YAPE-REC-100,Confirmado
53,31,3,1900.00,2026-06-15 10:05:00.000,VISA-000021,BOLETA-031,Pendiente
54,32,6,2500.00,2026-06-15 11:35:00.000,TRF-000008,CONSTANCIA-032,Pendiente
55,33,4,1500.00,2026-06-16 09:50:00.000,MC-000013,BOLETA-033,Pendiente
56,34,7,7400.00,2026-06-16 14:25:00.000,YAPE-000008,YAPE-REC-034,Pendiente
57,35,1,2700.00,2026-06-17 10:20:00.000,EF-SOL-000006,BOLETA-035,Pendiente
58,38,3,2700.00,2026-06-18 13:50:00.000,VISA-000022,BOLETA-038,Pendiente
59,40,6,1500.00,2026-06-19 10:35:00.000,TRF-000009,CONSTANCIA-040,Pendiente
60,42,4,8800.00,2026-06-19 14:05:00.000,MC-000014,BOLETA-042,Pendiente
61,44,7,2250.00,2026-06-19 16:50:00.000,YAPE-000009,YAPE-REC-044,Pendiente
62,46,3,3700.00,2026-05-20 10:05:00.000,VISA-000023,BOLETA-046-A,Confirmado
63,47,4,625.00,2026-05-22 14:35:00.000,MC-000015,BOLETA-047-A,Confirmado
64,48,7,475.00,2026-05-25 09:20:00.000,YAPE-000010,YAPE-REC-048,Confirmado
65,49,1,625.00,2026-05-28 16:05:00.000,EF-SOL-000007,BOLETA-049-A,Confirmado
66,50,6,375.00,2026-06-01 11:35:00.000,TRF-000010,CONSTANCIA-050,Confirmado
67,51,3,2900.00,2026-06-05 10:50:00.000,VISA-000024,BOLETA-051-A,Confirmado
68,52,4,1650.00,2026-06-08 15:25:00.000,MC-000016,BOLETA-052-A,Confirmado
69,53,7,1250.00,2026-06-10 09:35:00.000,YAPE-000011,YAPE-REC-053,Confirmado
70,54,1,175.00,2026-06-12 14:05:00.000,EF-SOL-000008,BOLETA-054-A,Confirmado
71,55,6,3900.00,2026-06-15 11:20:00.000,TRF-000011,CONSTANCIA-055,Confirmado
72,56,3,10400.00,2026-05-01 10:05:00.000,VISA-000025,BOLETA-056,Confirmado
73,57,4,1850.00,2026-05-10 14:35:00.000,MC-000017,BOLETA-057,Confirmado
74,58,6,3800.00,2026-05-15 09:50:00.000,TRF-000012,CONSTANCIA-058,Confirmado
75,59,3,9600.00,2026-05-20 16:05:00.000,VISA-000026,BOLETA-059,Confirmado
76,60,7,2900.00,2026-05-25 11:35:00.000,YAPE-000012,YAPE-REC-060,Confirmado
77,61,1,1300.00,2026-05-28 10:20:00.000,EF-SOL-000009,BOLETA-061,Confirmado
78,62,3,11000.00,2026-06-01 15:05:00.000,VISA-000027,BOLETA-062,Confirmado
79,63,4,1500.00,2026-06-05 09:35:00.000,MC-000018,BOLETA-063,Confirmado
80,64,6,7400.00,2026-06-10 14:50:00.000,TRF-000013,CONSTANCIA-064,Confirmado
81,65,7,2500.00,2026-06-15 11:05:00.000,YAPE-000013,YAPE-REC-065,Confirmado
82,66,3,6600.00,2026-04-15 10:05:00.000,VISA-000028,BOLETA-066,Anulado
83,67,4,1500.00,2026-04-20 14:35:00.000,MC-000019,BOLETA-067,Anulado
84,68,7,2700.00,2026-04-25 09:20:00.000,YAPE-000014,YAPE-REC-068,Anulado
85,69,1,750.00,2026-05-01 16:05:00.000,EF-SOL-000010,BOLETA-069,Anulado
86,72,6,1500.00,2026-05-15 15:25:00.000,TRF-000014,CONSTANCIA-072,Anulado
87,74,3,2700.00,2026-05-22 14:05:00.000,VISA-000029,BOLETA-074,Anulado
88,70,4,8800.00,2026-05-05 11:35:00.000,MC-000020,BOLETA-070,Anulado
89,71,3,4300.00,2026-05-10 10:50:00.000,VISA-000030,BOLETA-071,Anulado
90,73,6,8500.00,2026-05-18 09:35:00.000,TRF-000015,CONSTANCIA-073,Anulado
91,75,7,1900.00,2026-05-25 11:20:00.000,YAPE-000015,YAPE-REC-075,Anulado
92,76,3,2700.00,2026-05-01 10:05:00.000,VISA-000031,BOLETA-076,Confirmado
93,77,4,11000.00,2026-05-05 14:35:00.000,MC-000021,BOLETA-077,Confirmado
94,78,6,2900.00,2026-05-10 09:20:00.000,TRF-000016,CONSTANCIA-078,Confirmado
95,79,7,4200.00,2026-05-15 16:05:00.000,YAPE-000016,YAPE-REC-079,Confirmado
96,80,1,2700.00,2026-05-20 11:35:00.000,EF-SOL-000011,BOLETA-080,Confirmado
97,81,3,1250.00,2026-05-25 10:50:00.000,VISA-000032,BOLETA-081,Confirmado
98,82,4,8800.00,2026-05-28 15:25:00.000,MC-000022,BOLETA-082,Confirmado
99,83,6,1500.00,2026-06-01 09:35:00.000,TRF-000017,CONSTANCIA-083,Confirmado
100,84,3,2500.00,2026-03-15 10:05:00.000,VISA-000033,BOLETA-084,Confirmado
101,84,3,-2500.00,2026-04-12 15:00:00.000,VISA-000034,NOTA-CREDITO-084,Confirmado
102,85,4,3750.00,2026-03-20 14:35:00.000,MC-000023,BOLETA-085,Confirmado
103,85,4,-3750.00,2026-04-17 10:30:00.000,MC-000024,NOTA-CREDITO-085,Confirmado
104,92,6,1500.00,2026-03-20 14:05:00.000,TRF-000018,CONSTANCIA-092,Confirmado
105,92,6,-1500.00,2026-05-03 11:00:00.000,TRF-000019,NOTA-CREDITO-092,Confirmado
106,86,3,650.00,2026-02-01 09:20:00.000,VISA-000035,BOLETA-086,Rechazado
107,87,4,3700.00,2026-02-10 16:05:00.000,MC-000025,BOLETA-087,Rechazado
108,93,7,8500.00,2026-03-25 11:20:00.000,YAPE-000017,YAPE-REC-093,Rechazado
109,88,1,700.00,2026-02-20 11:35:00.000,EF-SOL-000012,BOLETA-088,Confirmado
110,89,3,6500.00,2026-03-01 10:50:00.000,VISA-000036,BOLETA-089,Confirmado
111,90,4,7800.00,2026-03-10 15:25:00.000,MC-000026,BOLETA-090,Confirmado
112,90,4,-7800.00,2026-04-22 10:00:00.000,MC-000027,NOTA-CREDITO-090,Confirmado
113,91,6,4300.00,2026-03-15 09:35:00.000,TRF-000020,CONSTANCIA-091,Confirmado
114,91,6,-4300.00,2026-04-27 11:30:00.000,TRF-000021,NOTA-CREDITO-091,Confirmado
115,104,7,1300.50,2026-07-26 02:31:13.500,YAPE-0007,YAPE-ADE-1,Pendiente
116,104,7,1300.50,2026-07-26 02:31:46.140,YAPE-0007,YAPE-ADE-1,Pendiente
118,105,1,200.00,2026-07-26 03:23:26.580,OP-9999,BOL-999,Confirmado
1002,1003,5,820.00,2026-08-09 13:31:13.220,OP-TEST-001,BOL-0001,Confirmado
